{"train_loss": [1.0958797335624695, 1.1016592681407928, 1.1099926829338074, 1.1013427078723907, 1.0990640670061111, 1.0994223654270172, 1.0935883074998856, 1.1044028401374817, 1.0861014425754547, 1.0784506797790527, 1.1092700809240341, 1.08897764980793, 1.0830631405115128, 1.141648530960083, 1.0760123804211617, 1.0897014439105988, 1.0727535486221313, 1.0759502202272415, 1.003150425851345, 1.0310531705617905, 1.040727823972702, 1.075623780488968, 0.9801316186785698, 0.9514875113964081, 1.0014403015375137, 0.9864817559719086, 1.0094317197799683, 0.9470915049314499, 0.9895691871643066, 1.0207653567194939, 0.8943452779203653, 0.9487731531262398, 0.9378550052642822, 0.8803429082036018, 0.8526298869401217, 0.8737102076411247, 0.9541238322854042, 1.103686898946762, 1.0003414079546928, 0.9980089589953423, 1.0271897986531258, 0.9574241116642952, 0.902844250202179, 0.8353934288024902, 0.8619549721479416], "train_acc": [0.4140625, 0.29296875, 0.296875, 0.3203125, 0.33203125, 0.29296875, 0.46875, 0.3046875, 0.43359375, 0.421875, 0.3046875, 0.3046875, 0.4375, 0.33984375, 0.44140625, 0.33984375, 0.5390625, 0.359375, 0.55078125, 0.515625, 0.46875, 0.39453125, 0.546875, 0.56640625, 0.46875, 0.5390625, 0.54296875, 0.63671875, 0.5546875, 0.5390625, 0.5546875, 0.58203125, 0.57421875, 0.578125, 0.5625, 0.59375, 0.546875, 0.48046875, 0.421875, 0.4296875, 0.50390625, 0.51171875, 0.625, 0.66796875, 0.66015625], "test_loss": [1.1406386295954387, 1.1374911069869995, 1.1237986485163372, 1.1059247255325317, 1.0921790997187297, 1.090875466664632, 1.1001683473587036, 1.1120469570159912, 1.0971612930297852, 1.0998304684956868, 1.1053681373596191, 1.0819467306137085, 1.0628661314646404, 1.0383183161417644, 1.0462818344434102, 1.066028118133545, 1.0957330465316772, 1.0883086919784546, 1.0310585101445515, 1.2385466893513997, 1.2031511068344116, 1.1277109781901042, 0.9974148273468018, 1.0884053905804951, 1.1630280216534932, 1.0820821523666382, 1.033906877040863, 0.960480809211731, 0.9746345480283102, 1.0537232557932537, 1.1213227113087971, 1.0984997153282166, 1.1063918670018513, 1.052990714708964, 1.046978731950124, 1.2027249932289124, 1.1999046802520752, 0.9941820700963339, 1.1017947991689045, 1.2065771619478862, 1.1575228571891785, 1.1153038541475933, 1.0423904458681743, 1.0365267395973206, 1.0855105717976887], "test_acc": [0.19791666666666666, 0.19791666666666666, 0.28125, 0.2604166666666667, 0.5539772727272728, 0.5738636363636364, 0.2708333333333333, 0.2604166666666667, 0.2604166666666667, 0.2604166666666667, 0.2604166666666667, 0.4630681818181818, 0.5530303030303031, 0.5530303030303031, 0.5729166666666666, 0.48484848484848486, 0.3731060606060606, 0.4034090909090909, 0.5672348484848485, 0.2708333333333333, 0.3731060606060606, 0.393939393939394, 0.5255681818181818, 0.46496212121212127, 0.3740530303030303, 0.44507575757575757, 0.5170454545454546, 0.5142045454545454, 0.5359848484848485, 0.48484848484848486, 0.35321969696969696, 0.32196969696969696, 0.44507575757575757, 0.4431818181818182, 0.5056818181818182, 0.44507575757575757, 0.3731060606060606, 0.5861742424242424, 0.38257575757575757, 0.38446969696969696, 0.2916666666666667, 0.31155303030303033, 0.4441287878787879, 0.4753787878787879, 0.506628787878788]}