{"train_loss": [1.1016158312559128, 1.092468023300171, 1.0859686806797981, 1.1120654940605164, 1.0872360467910767, 1.1008029878139496, 1.0945425927639008, 1.1162013709545135, 1.0875367522239685, 1.0995252430438995, 1.0804717391729355, 1.0701365321874619, 1.0557794943451881, 1.0591507032513618, 1.0165246427059174, 1.04216730594635, 0.9819790050387383, 0.9443301409482956, 0.8996198438107967, 0.938131295144558, 0.9696307107806206, 0.9566351845860481, 1.1296279728412628, 1.0013355985283852, 1.0591061487793922, 0.9970709681510925, 0.9986421838402748, 0.9513846784830093, 0.8624453581869602, 1.076472781598568, 0.9261802062392235, 0.8626583069562912, 1.0243188217282295, 1.3083908334374428, 1.006926216185093, 1.0465466752648354, 0.8903350010514259, 0.9595968797802925, 1.055309683084488, 0.992645613849163, 0.9075513035058975, 0.8957282602787018, 0.9118192344903946, 0.9332115426659584, 0.9790037870407104, 0.980125829577446, 1.0137897357344627, 0.9103790670633316, 0.9467634186148643, 0.8941803649067879], "train_acc": [0.28125, 0.4140625, 0.4140625, 0.29296875, 0.4140625, 0.29296875, 0.29296875, 0.3515625, 0.51171875, 0.3125, 0.52734375, 0.55078125, 0.57421875, 0.359375, 0.58203125, 0.44921875, 0.5859375, 0.5859375, 0.58203125, 0.55859375, 0.46484375, 0.46484375, 0.43359375, 0.48828125, 0.37109375, 0.55859375, 0.4453125, 0.46484375, 0.60546875, 0.47265625, 0.46875, 0.61328125, 0.45703125, 0.4375, 0.40234375, 0.421875, 0.57421875, 0.55859375, 0.50390625, 0.51953125, 0.63671875, 0.58203125, 0.5078125, 0.6015625, 0.4765625, 0.46875, 0.453125, 0.6015625, 0.62109375, 0.609375], "test_loss": [1.0946731567382812, 1.114765723546346, 1.1364619334538777, 1.1515634457270305, 1.143587311108907, 1.1462827920913696, 1.144469976425171, 1.1381489833196003, 1.1128247578938801, 1.1078890164693196, 1.104775309562683, 1.1059110164642334, 1.1123226483662922, 1.0875674883524578, 1.0693360368410747, 1.0346402724583943, 0.994416336218516, 0.9786463777224222, 0.9737615784009298, 1.0153038303057353, 1.0076152682304382, 0.9469438592592875, 0.9583746194839478, 0.9968375960985819, 1.094177484512329, 0.9970831871032715, 0.9917119344075521, 1.0180662075678508, 1.0293763081232707, 0.9974878231684366, 0.9697172443072001, 0.9728223284085592, 0.9813995560010275, 1.0050835808118184, 1.1058369874954224, 1.0490139524141948, 1.0946969191233318, 1.0326541066169739, 1.008013943831126, 0.9823053081830343, 1.0023469130198162, 1.0095326900482178, 0.9989088773727417, 1.0176902016003926, 1.0265706181526184, 0.9962896704673767, 0.992306629816691, 0.9755273262659708, 0.9756516218185425, 0.9668044050534567], "test_acc": [0.19791666666666666, 0.19791666666666666, 0.19791666666666666, 0.19791666666666666, 0.19791666666666666, 0.19791666666666666, 0.19791666666666666, 0.34375, 0.3333333333333333, 0.21875, 0.3333333333333333, 0.3541666666666667, 0.2708333333333333, 0.3229166666666667, 0.3636363636363636, 0.393939393939394, 0.5056818181818182, 0.4545454545454546, 0.4441287878787879, 0.362689393939394, 0.393939393939394, 0.43371212121212127, 0.40246212121212127, 0.362689393939394, 0.3125, 0.4346590909090909, 0.42424242424242425, 0.3835227272727273, 0.3731060606060606, 0.42424242424242425, 0.4034090909090909, 0.5359848484848485, 0.44507575757575757, 0.44507575757575757, 0.3125, 0.35321969696969696, 0.393939393939394, 0.425189393939394, 0.4043560606060606, 0.44507575757575757, 0.39299242424242425, 0.39299242424242425, 0.4346590909090909, 0.42424242424242425, 0.393939393939394, 0.44507575757575757, 0.44507575757575757, 0.41382575757575757, 0.41382575757575757, 0.49526515151515155]}