{"train_loss": [1.1108391284942627, 1.0968628376722336, 1.0991705060005188, 1.1035990417003632, 1.096759870648384, 1.0425710454583168, 1.086898386478424, 1.068869560956955, 1.0363421738147736, 1.0759740844368935, 1.0408783927559853, 0.9961430355906487, 0.9702823087573051, 0.9551802724599838, 1.0086125060915947, 0.9213416278362274, 0.9181707501411438, 0.9269970655441284, 1.1200891882181168, 1.0623712986707687, 0.9866160973906517, 0.9703978523612022, 1.0515524595975876, 0.9987151473760605, 0.936703585088253, 0.9333503171801567, 0.9499791488051414, 0.874568410217762, 0.9140523448586464, 0.917097419500351, 0.8122667372226715, 0.9080331549048424, 0.8784080743789673, 0.8401441005989909, 0.850387342274189, 0.9787676557898521, 1.0391571372747421, 0.7997843790799379, 0.9197660014033318, 0.8135814256966114, 0.9304946213960648, 0.8260554913431406, 0.9449315890669823, 1.32112667709589, 1.0021225586533546], "train_acc": [0.25390625, 0.32421875, 0.30078125, 0.36328125, 0.421875, 0.48828125, 0.3125, 0.4140625, 0.43359375, 0.42578125, 0.55078125, 0.53125, 0.578125, 0.546875, 0.45703125, 0.5546875, 0.57421875, 0.609375, 0.41796875, 0.453125, 0.62890625, 0.6015625, 0.44921875, 0.4765625, 0.609375, 0.56640625, 0.59375, 0.51171875, 0.58984375, 0.63671875, 0.625, 0.57421875, 0.55859375, 0.578125, 0.6328125, 0.5859375, 0.46875, 0.64453125, 0.61328125, 0.6328125, 0.4921875, 0.609375, 0.50390625, 0.5234375, 0.46875], "test_loss": [1.0949234167734783, 1.0998767217000325, 1.103168209393819, 1.1184127926826477, 1.086871862411499, 1.097215433915456, 1.0873655279477437, 1.05812672773997, 1.0272435347239177, 1.0137577652931213, 1.0416408777236938, 1.0530322988828023, 1.076822539170583, 1.098223348458608, 1.051274796326955, 0.9769188364346822, 0.9985224604606628, 1.1849367022514343, 1.0175242026646931, 1.044167121251424, 0.9945178031921387, 0.9765007297197977, 0.9923732678095499, 0.9936522444089254, 0.9782208998998007, 0.9896262884140015, 0.9591971437136332, 0.9513616760571798, 1.004443367322286, 1.0176053841908772, 1.0001423756281536, 1.0313238898913066, 0.9436933994293213, 0.978201429049174, 1.0391899943351746, 1.0316155354181926, 0.9566058119138082, 0.9155874451001486, 0.9433190623919169, 0.9172870715459188, 0.9655015071233114, 0.9958865642547607, 0.9641439517339071, 0.920812706152598, 0.9728420774141947], "test_acc": [0.2604166666666667, 0.22916666666666666, 0.28125, 0.2708333333333333, 0.3731060606060606, 0.2604166666666667, 0.28125, 0.33049242424242425, 0.3816287878787879, 0.4545454545454546, 0.48390151515151514, 0.39299242424242425, 0.3428030303030303, 0.32196969696969696, 0.3522727272727273, 0.4441287878787879, 0.36174242424242425, 0.3428030303030303, 0.4034090909090909, 0.3740530303030303, 0.587121212121212, 0.5359848484848485, 0.38257575757575757, 0.43371212121212127, 0.5255681818181818, 0.39299242424242425, 0.45359848484848486, 0.4744318181818182, 0.38257575757575757, 0.4857954545454546, 0.41382575757575757, 0.3636363636363636, 0.5369318181818182, 0.46496212121212127, 0.4034090909090909, 0.39299242424242425, 0.48484848484848486, 0.5539772727272728, 0.5464015151515151, 0.48484848484848486, 0.4545454545454546, 0.3428030303030303, 0.47632575757575757, 0.5369318181818182, 0.48484848484848486]}