{"train_loss": [1.1034040004014969, 1.0839950367808342, 1.0803412944078445, 1.1331534534692764, 1.0875934064388275, 1.087769478559494, 1.0885180085897446, 1.1046490371227264, 1.076264351606369, 1.0499448031187057, 1.0081378072500229, 0.909658920019865, 1.178202599287033, 1.0352264568209648, 1.0643186420202255, 1.045406997203827, 0.9922204241156578, 0.9647953286767006, 1.036736324429512, 0.9497573971748352, 1.0106956735253334, 0.8905789479613304, 0.9403490573167801, 0.973514087498188, 0.9704931825399399, 0.9400447010993958, 0.922268696129322, 0.9081224724650383, 0.9290788471698761, 0.9965560361742973, 0.9309515878558159, 1.0451422333717346, 0.8964254856109619, 1.015311986207962, 0.9461118206381798, 0.819318825379014, 0.9390026181936264, 0.8520087078213692, 0.8999972343444824, 0.8820324689149857, 1.0204647406935692, 0.8246256206184626, 0.9045721888542175, 0.901407353579998, 0.8170418329536915, 0.7893693717196584, 0.7828006595373154, 0.8372697532176971, 0.8844991400837898, 0.8815610185265541, 0.8799100741744041, 0.8841363042593002, 0.846163846552372, 0.7764731235802174, 0.8616698607802391, 0.8940756916999817, 0.746570348739624, 0.821707509458065, 0.7487720996141434, 0.9447291344404221], "train_acc": [0.26953125, 0.4296875, 0.42578125, 0.3046875, 0.42578125, 0.42578125, 0.3046875, 0.40234375, 0.4296875, 0.5625, 0.5234375, 0.53125, 0.44140625, 0.45703125, 0.4609375, 0.578125, 0.6015625, 0.6640625, 0.4609375, 0.6015625, 0.53125, 0.59765625, 0.484375, 0.4453125, 0.4765625, 0.59375, 0.60546875, 0.625, 0.5625, 0.4453125, 0.60546875, 0.484375, 0.5703125, 0.46484375, 0.5390625, 0.64453125, 0.515625, 0.6484375, 0.5703125, 0.64453125, 0.51171875, 0.62890625, 0.51953125, 0.58984375, 0.6328125, 0.64453125, 0.64453125, 0.68359375, 0.64453125, 0.52734375, 0.56640625, 0.6171875, 0.703125, 0.71875, 0.5625, 0.60546875, 0.70703125, 0.67578125, 0.70703125, 0.56640625], "test_loss": [1.1115102767944336, 1.1351874669392903, 1.1297876437505086, 1.132813811302185, 1.1355499029159546, 1.1341053644816081, 1.1405866146087646, 1.1196985642115276, 1.0731788476308186, 1.0136208534240723, 0.9592429200808207, 0.9441037972768148, 1.0941659609476726, 1.0675849517186482, 1.0673164923985798, 1.020625392595927, 1.011602520942688, 1.0435778101285298, 1.0398243069648743, 0.9907311399777731, 1.009084681669871, 0.9818514982859293, 0.960597813129425, 0.9490869839986166, 0.9826423724492391, 0.9642806450525919, 0.9584214687347412, 0.9973355134328207, 0.9848741094271342, 1.0108921925226848, 1.1144712368647258, 1.0297412276268005, 1.0710712472597759, 0.9905363519986471, 0.9602500995000204, 0.9331113497416178, 0.9598272244135538, 0.9860270818074545, 0.9939843614896139, 0.9000430901845297, 0.9008846481641134, 1.019033133983612, 1.002981921037038, 0.9225956996281942, 1.0113776127497356, 1.0681818723678589, 0.9833327730496725, 0.9258883794148763, 0.9089998006820679, 0.9558627605438232, 1.0863259434700012, 0.9459069768587748, 0.9650676449139913, 0.9865253965059916, 1.026676336924235, 1.0239599545796711, 0.9348004857699076, 1.000562806924184, 1.035890817642212, 1.0411407152811687], "test_acc": [0.2604166666666667, 0.2604166666666667, 0.2604166666666667, 0.2604166666666667, 0.2604166666666667, 0.2604166666666667, 0.28125, 0.3125, 0.32196969696969696, 0.59375, 0.5634469696969697, 0.5132575757575758, 0.3835227272727273, 0.4034090909090909, 0.4034090909090909, 0.4943181818181818, 0.4545454545454546, 0.4232954545454546, 0.4441287878787879, 0.40246212121212127, 0.4128787878787879, 0.48484848484848486, 0.47348484848484845, 0.5255681818181818, 0.33238636363636365, 0.4943181818181818, 0.4034090909090909, 0.362689393939394, 0.39299242424242425, 0.3835227272727273, 0.38446969696969696, 0.3835227272727273, 0.35321969696969696, 0.4147727272727273, 0.5359848484848485, 0.5464015151515151, 0.48484848484848486, 0.4356060606060606, 0.4356060606060606, 0.5767045454545454, 0.5662878787878788, 0.4744318181818182, 0.4043560606060606, 0.5672348484848485, 0.4043560606060606, 0.362689393939394, 0.4043560606060606, 0.5265151515151515, 0.5464015151515151, 0.46496212121212127, 0.39299242424242425, 0.42424242424242425, 0.44507575757575757, 0.3835227272727273, 0.4460227272727273, 0.48674242424242425, 0.5160984848484849, 0.4346590909090909, 0.41382575757575757, 0.44507575757575757]}