{"train_loss": [1.1000486463308334, 1.0959164798259735, 1.1033862382173538, 1.0978126972913742, 1.1078505963087082, 1.0951143354177475, 1.1000178456306458, 1.0932691395282745, 1.103162333369255, 1.0846839845180511, 1.0740912556648254, 1.1112691313028336, 1.0928370207548141, 1.097875326871872, 1.0753337889909744, 1.0489229038357735, 0.9941733106970787, 1.099696785211563, 1.0305053293704987, 0.997622549533844, 0.9741025492548943, 0.9643099308013916, 0.9692163914442062, 0.8372787777334452, 0.9849977791309357, 0.9043387845158577, 0.8418857008218765, 0.9994236975908279, 0.9441138207912445, 0.8639611229300499, 0.9423598945140839, 1.2884625047445297, 0.8195981793105602, 1.0074819400906563, 0.9956416115164757, 0.9851480275392532, 0.8764507994055748, 0.9979546368122101, 0.8728078193962574, 0.8417291194200516, 0.8039014060050249, 0.7921638861298561, 0.8920868784189224, 0.7808343470096588, 0.8559876978397369, 0.7864815518260002, 0.8158672153949738, 0.9205381870269775, 0.8375625684857368, 0.7883948981761932, 0.9562132805585861, 0.9392268657684326, 1.0174597203731537, 0.8905131071805954, 0.8528044000267982, 0.9987980797886848, 0.8841231092810631, 0.8091778084635735, 0.8279703930020332, 0.7911730471532792, 0.7776799723505974, 0.7594401687383652, 0.9666200950741768, 1.0029564127326012, 0.8176435083150864, 0.7729888334870338, 0.8993432149291039, 0.7643847987055779, 0.7288929000496864, 0.8117046803236008], "train_acc": [0.3046875, 0.39453125, 0.28125, 0.28125, 0.30859375, 0.42578125, 0.3046875, 0.42578125, 0.3046875, 0.42578125, 0.42578125, 0.3046875, 0.30859375, 0.41015625, 0.390625, 0.46484375, 0.515625, 0.36328125, 0.53125, 0.49609375, 0.53125, 0.6015625, 0.48828125, 0.60546875, 0.5, 0.62109375, 0.64453125, 0.51171875, 0.51953125, 0.61328125, 0.515625, 0.48828125, 0.65625, 0.5234375, 0.515625, 0.52734375, 0.63671875, 0.5, 0.59765625, 0.6328125, 0.6171875, 0.69140625, 0.5625, 0.6953125, 0.58203125, 0.6640625, 0.57421875, 0.53125, 0.5703125, 0.69140625, 0.55859375, 0.53515625, 0.4921875, 0.53125, 0.69921875, 0.56640625, 0.55078125, 0.64453125, 0.66015625, 0.66796875, 0.6875, 0.71875, 0.55859375, 0.52734375, 0.67578125, 0.703125, 0.5625, 0.68359375, 0.71484375, 0.6953125], "test_loss": [1.0948193868001301, 1.0866128206253052, 1.0766551891962688, 1.0845095316569011, 1.0928773482640584, 1.0996118783950806, 1.103775978088379, 1.1065096060434978, 1.1138646205266316, 1.1078822215398152, 1.1182270248730977, 1.1176996032396953, 1.0837968587875366, 1.0598766406377156, 1.0537776947021484, 1.0146382252375286, 0.9585926334063212, 0.999663233757019, 1.0008173982302349, 1.0159109830856323, 1.049945056438446, 1.0186823606491089, 1.0531041423479717, 0.9852123260498047, 0.9928434689839681, 1.0492153763771057, 1.1418959498405457, 1.0847080548604329, 1.0025792519251506, 0.9973039627075195, 1.0337519248326619, 1.117108404636383, 1.0774763623873393, 1.0749255617459614, 1.0436276197433472, 1.0199358860651653, 1.0150735179583232, 1.021371066570282, 1.1348341902097066, 0.9950308005015055, 1.0139500498771667, 1.0603121320406597, 1.04158882300059, 0.9844522078831991, 1.0822166204452515, 1.1006311774253845, 1.0924798250198364, 1.005761981010437, 1.0121699174245198, 1.0806037187576294, 1.0606568853060405, 1.0019330978393555, 0.9306156833966573, 0.959002693494161, 0.9701787233352661, 1.014396886030833, 1.1113824844360352, 1.1028100649515789, 1.077708105246226, 1.1163552403450012, 1.0717273553212483, 1.0650641123453777, 1.059126893679301, 0.9616817434628805, 0.9531861941019694, 0.9942615032196045, 1.0534180800120037, 1.1144867142041524, 1.093485673268636, 1.1597020824750264], "test_acc": [0.2604166666666667, 0.5416666666666666, 0.5416666666666666, 0.5416666666666666, 0.2604166666666667, 0.2604166666666667, 0.2604166666666667, 0.2604166666666667, 0.2604166666666667, 0.2604166666666667, 0.2604166666666667, 0.2604166666666667, 0.3125, 0.4621212121212121, 0.5426136363636364, 0.59375, 0.5833333333333334, 0.5634469696969697, 0.46401515151515155, 0.3835227272727273, 0.3740530303030303, 0.4744318181818182, 0.38257575757575757, 0.5151515151515151, 0.43276515151515155, 0.393939393939394, 0.3333333333333333, 0.35321969696969696, 0.4232954545454546, 0.4128787878787879, 0.46401515151515155, 0.3731060606060606, 0.41382575757575757, 0.4034090909090909, 0.4034090909090909, 0.3721590909090909, 0.47348484848484845, 0.36174242424242425, 0.3229166666666667, 0.4318181818181818, 0.47348484848484845, 0.3835227272727273, 0.4034090909090909, 0.43276515151515155, 0.393939393939394, 0.3522727272727273, 0.362689393939394, 0.3522727272727273, 0.4043560606060606, 0.3948863636363636, 0.3740530303030303, 0.43371212121212127, 0.5946969696969697, 0.555871212121212, 0.4441287878787879, 0.4346590909090909, 0.35321969696969696, 0.4043560606060606, 0.3428030303030303, 0.4147727272727273, 0.4356060606060606, 0.4147727272727273, 0.4043560606060606, 0.5643939393939394, 0.43371212121212127, 0.4346590909090909, 0.393939393939394, 0.4043560606060606, 0.393939393939394, 0.3428030303030303]}