{"train_loss": [1.1009486466646194, 1.0884827822446823, 1.1155350655317307, 1.0961662381887436, 1.0810260027647018, 1.0743472874164581, 1.058451071381569, 1.033850334584713, 0.8835048377513885, 0.9227122589945793, 0.883964978158474, 0.8686853498220444, 0.8384332619607449, 0.8900811970233917, 0.9171172231435776, 0.7751907855272293, 0.7648023292422295, 0.797450490295887, 0.7395428866147995, 0.7291863635182381, 0.6948165223002434, 0.6209456461947411, 0.6258809715509415, 0.5815743803977966, 0.5893867202103138, 0.5655588693916798, 0.5770296324044466, 0.5682987235486507, 0.6003244891762733, 0.8448162451386452, 0.8768505752086639, 0.6414924561977386, 0.6114020440727472, 0.5437292443821207, 0.5144081637263298, 0.5142899751663208, 0.5050747916102409, 0.5242074653506279, 0.997115008533001, 0.9158205557614565, 0.615738995373249, 0.7202347330749035, 0.686785914003849, 0.6049498170614243, 0.5128866657614708, 0.6367046795785427, 0.5369421578943729, 0.43181079626083374, 0.4462207183241844, 0.5365929678082466, 0.5202249921858311, 0.464531809091568, 0.5175071284174919, 0.6043684221804142, 0.534457303583622, 0.38224194198846817, 0.3975153286010027, 0.3218156318180263, 0.3040611743927002, 0.2727993151638657], "train_acc": [0.28125, 0.42578125, 0.3046875, 0.3046875, 0.4140625, 0.40234375, 0.3359375, 0.3984375, 0.62890625, 0.48828125, 0.50390625, 0.546875, 0.58203125, 0.44140625, 0.578125, 0.66015625, 0.60546875, 0.6640625, 0.69140625, 0.69921875, 0.71484375, 0.71875, 0.76953125, 0.75, 0.77734375, 0.77734375, 0.7890625, 0.81640625, 0.77734375, 0.53515625, 0.54296875, 0.78515625, 0.77734375, 0.8203125, 0.79296875, 0.8046875, 0.8125, 0.828125, 0.71484375, 0.62890625, 0.73828125, 0.6796875, 0.68359375, 0.8125, 0.81640625, 0.703125, 0.78515625, 0.8125, 0.8515625, 0.73046875, 0.734375, 0.83984375, 0.83203125, 0.671875, 0.78125, 0.875, 0.83984375, 0.87890625, 0.8828125, 0.8828125], "test_loss": [1.0945915778477986, 1.1200316747029622, 1.1249114473660786, 1.0890703598658245, 1.0463226040204365, 1.0244861443837483, 1.0039930939674377, 1.0861704746882122, 1.0468764305114746, 1.0374626119931538, 0.9881787896156311, 1.0890051921208699, 0.8806943694750468, 0.9350785414377848, 1.0055270592371623, 0.9140992363293966, 0.8897629380226135, 0.9331034223238627, 1.0449670553207397, 1.0475104649861653, 1.0421293377876282, 0.9903390010197958, 0.978554884592692, 1.0388781627019246, 1.0074914693832397, 1.0943658947944641, 1.097032944361369, 1.0579334100087483, 1.2945481538772583, 1.0019393960634868, 1.0062944889068604, 0.960361897945404, 1.0417059659957886, 1.0680516163508098, 1.0651169220606487, 1.1004615624745686, 1.172783613204956, 1.2353966037432353, 1.5541845957438152, 1.0067882339159648, 1.197513262430827, 1.1900697151819866, 1.142440100510915, 1.1782042582829793, 1.2168344259262085, 1.265740434328715, 1.4719264507293701, 1.1297933459281921, 1.1251542965571086, 1.1945945024490356, 1.3019559780756633, 1.454744776089986, 1.2938414812088013, 1.3201111157735188, 1.4337429602940877, 1.291978160540263, 1.3087039788564045, 1.4884494145711262, 1.4684613545735676, 1.4280855258305867], "test_acc": [0.2604166666666667, 0.2604166666666667, 0.2604166666666667, 0.2604166666666667, 0.5416666666666666, 0.5416666666666666, 0.5729166666666666, 0.29071969696969696, 0.48390151515151514, 0.3731060606060606, 0.45359848484848486, 0.42424242424242425, 0.6145833333333334, 0.4744318181818182, 0.3522727272727273, 0.6041666666666666, 0.6145833333333334, 0.45359848484848486, 0.3522727272727273, 0.4034090909090909, 0.32196969696969696, 0.4943181818181818, 0.5549242424242424, 0.524621212121212, 0.46496212121212127, 0.5350378787878788, 0.3835227272727273, 0.5454545454545454, 0.5549242424242424, 0.44507575757575757, 0.4857954545454546, 0.4943181818181818, 0.41382575757575757, 0.38257575757575757, 0.3920454545454546, 0.4630681818181818, 0.4119318181818182, 0.40246212121212127, 0.35321969696969696, 0.5331439393939394, 0.39299242424242425, 0.38257575757575757, 0.40246212121212127, 0.40246212121212127, 0.3920454545454546, 0.4128787878787879, 0.30113636363636365, 0.4128787878787879, 0.46401515151515155, 0.43371212121212127, 0.4232954545454546, 0.36174242424242425, 0.4034090909090909, 0.4043560606060606, 0.4232954545454546, 0.362689393939394, 0.43371212121212127, 0.4441287878787879, 0.40151515151515155, 0.42234848484848486]}