{"train_loss": [1.123045176267624, 1.096999168395996, 1.1028027087450027, 1.0966532528400421, 1.0963065922260284, 1.0761293172836304, 1.0430811420083046, 0.9856101050972939, 0.9097324833273888, 0.9467289969325066, 0.9690661430358887, 0.870259165763855, 0.8576517850160599, 0.9058143198490143, 0.9095516353845596, 0.8223188892006874, 0.7589829638600349, 0.7667067125439644, 1.1504884734749794, 0.8242175579071045, 0.7959064543247223, 0.809090755879879, 0.7777784913778305, 0.8171519935131073, 0.8295216932892799, 0.7991128042340279, 0.8812196999788284, 0.8527633622288704, 0.759847104549408, 0.6914158277213573, 0.6690900065004826, 0.666575487703085, 0.6993090361356735, 0.6455746460705996, 0.6144270338118076, 0.6535864546895027, 0.6262841075658798, 0.5743807051330805, 0.6041250936686993, 0.6357919611036777, 0.7631281204521656, 0.8201775848865509, 0.7310963794589043, 0.7091869711875916, 0.5681679453700781], "train_acc": [0.29296875, 0.37890625, 0.28125, 0.28125, 0.30859375, 0.5390625, 0.5234375, 0.59375, 0.6328125, 0.53125, 0.52734375, 0.62890625, 0.55859375, 0.4375, 0.5859375, 0.69140625, 0.6875, 0.671875, 0.58984375, 0.53515625, 0.62109375, 0.71875, 0.64453125, 0.6484375, 0.60546875, 0.59375, 0.55078125, 0.5625, 0.7265625, 0.734375, 0.72265625, 0.7265625, 0.72265625, 0.68359375, 0.75, 0.765625, 0.7734375, 0.75390625, 0.796875, 0.77734375, 0.6640625, 0.72265625, 0.66015625, 0.73046875, 0.8125], "test_loss": [1.1306066115697224, 1.0874125957489014, 1.0806621313095093, 1.08170485496521, 1.079604983329773, 1.0922246376673381, 1.1108127236366272, 1.0743802189826965, 1.0111316045125325, 0.9795683224995931, 1.0665698250134785, 0.9022375543912252, 0.8976399699846903, 0.9791315992673238, 0.9378140568733215, 0.9402325550715128, 0.976236621538798, 0.9711978435516357, 0.9947216510772705, 1.0131968259811401, 1.0092519720395405, 1.0337488055229187, 1.078645388285319, 0.9620639681816101, 0.9043875932693481, 0.9609777728716532, 1.0599298278490703, 1.0354624390602112, 0.9478128751118978, 0.949815571308136, 1.0304322838783264, 1.0473814805348713, 1.0320629477500916, 0.9368297656377157, 1.0095877051353455, 1.0184298753738403, 1.0259964068730671, 1.155129313468933, 0.9935489892959595, 1.0243653257687886, 1.1168917616208394, 1.0505592823028564, 1.1681450208028157, 1.0450759728749592, 1.0513384143511455], "test_acc": [0.19791666666666666, 0.5416666666666666, 0.5416666666666666, 0.5416666666666666, 0.3721590909090909, 0.39299242424242425, 0.35321969696969696, 0.35132575757575757, 0.3920454545454546, 0.45265151515151514, 0.38257575757575757, 0.59375, 0.5833333333333334, 0.5132575757575758, 0.4829545454545454, 0.4744318181818182, 0.45359848484848486, 0.5142045454545454, 0.4128787878787879, 0.40246212121212127, 0.38257575757575757, 0.4346590909090909, 0.3636363636363636, 0.4545454545454546, 0.5738636363636364, 0.4545454545454546, 0.4034090909090909, 0.4346590909090909, 0.5151515151515151, 0.48484848484848486, 0.40246212121212127, 0.5047348484848485, 0.43371212121212127, 0.5151515151515151, 0.4753787878787879, 0.5151515151515151, 0.5151515151515151, 0.41382575757575757, 0.4943181818181818, 0.4744318181818182, 0.48484848484848486, 0.41382575757575757, 0.4043560606060606, 0.3920454545454546, 0.5236742424242424]}