{"train_loss": [1.1050678491592407, 1.1004889905452728, 1.088205263018608, 1.0822171717882156, 1.0364336520433426, 0.9810297191143036, 1.0189941227436066, 0.9833607748150826, 0.8027282748371363, 0.8177291005849838, 0.7825263366103172, 0.8438392207026482, 0.7866047471761703, 0.7267812164500356, 0.7436072304844856, 0.8136200681328773, 0.7789196781814098, 0.8871698155999184, 0.7602723985910416, 0.8273594379425049, 0.6609077220782638, 0.9902388378977776, 0.8431229293346405, 0.8682706952095032, 1.0321748554706573, 0.8510747626423836, 0.6805023120250553, 0.7591086328029633, 0.7029255777597427, 0.6422359552234411, 0.6005201033549383, 0.7290370091795921, 0.6594314575195312, 0.576439805328846, 0.6409424617886543, 0.5649763531982899, 0.5301745741162449, 0.5499132499098778, 0.5497349202632904, 0.48285708017647266, 0.46368536353111267, 0.49802257493138313, 0.4760511666536331, 0.472110440954566, 0.45030366629362106, 0.4430211130529642, 0.411871001124382, 0.5479311719536781, 0.3463558992370963, 0.33086131371965166], "train_acc": [0.25, 0.34375, 0.4453125, 0.4375, 0.578125, 0.55859375, 0.46875, 0.53515625, 0.60546875, 0.65234375, 0.6796875, 0.5546875, 0.671875, 0.67578125, 0.703125, 0.6640625, 0.63671875, 0.5234375, 0.7109375, 0.60546875, 0.71875, 0.58203125, 0.6640625, 0.609375, 0.47265625, 0.515625, 0.75390625, 0.71484375, 0.74609375, 0.734375, 0.74609375, 0.62890625, 0.7890625, 0.79296875, 0.78125, 0.7734375, 0.765625, 0.7890625, 0.8125, 0.83203125, 0.80859375, 0.83203125, 0.82421875, 0.83984375, 0.828125, 0.8671875, 0.84765625, 0.8125, 0.87890625, 0.859375], "test_loss": [1.0970418055852253, 1.079944133758545, 1.0765708684921265, 1.0636623700459797, 1.0591340065002441, 1.0797261993090312, 1.1035780707995098, 0.9825476805369059, 1.031317412853241, 1.0059120257695515, 0.9882018764813741, 0.9759998520215353, 0.9337480266888937, 1.0155624548594158, 1.078169306119283, 1.1290204326311748, 0.9552252888679504, 0.977233091990153, 0.9434463580449423, 0.9336361487706503, 1.0375362634658813, 0.9798320134480795, 0.9072140256563822, 1.1208187143007915, 1.0779223442077637, 0.9047055045763651, 0.9576428532600403, 0.9754218061765035, 0.968459943930308, 1.0344845652580261, 1.0196579694747925, 0.9811734358469645, 0.9328503807385763, 1.03458438316981, 1.042999505996704, 0.9706613421440125, 1.0185117721557617, 1.0109483003616333, 1.041295329729716, 1.0029152631759644, 1.0758037169774373, 1.0180400411287944, 1.1863168875376384, 1.0623664458592732, 1.1551878650983174, 1.1704147259394329, 1.080801546573639, 1.1455657879511516, 1.119510809580485, 1.1691592931747437], "test_acc": [0.19791666666666666, 0.5729166666666666, 0.45359848484848486, 0.4308712121212121, 0.3125, 0.3125, 0.3229166666666667, 0.43371212121212127, 0.47348484848484845, 0.3731060606060606, 0.35132575757575757, 0.3816287878787879, 0.4933712121212121, 0.3920454545454546, 0.3920454545454546, 0.4128787878787879, 0.4943181818181818, 0.5142045454545454, 0.5037878787878788, 0.4933712121212121, 0.4128787878787879, 0.4034090909090909, 0.5236742424242424, 0.3636363636363636, 0.41571969696969696, 0.6051136363636364, 0.38257575757575757, 0.46496212121212127, 0.48484848484848486, 0.4441287878787879, 0.46401515151515155, 0.4545454545454546, 0.5861742424242424, 0.3835227272727273, 0.393939393939394, 0.5151515151515151, 0.3522727272727273, 0.5056818181818182, 0.4147727272727273, 0.5861742424242424, 0.4346590909090909, 0.48484848484848486, 0.3740530303030303, 0.524621212121212, 0.35321969696969696, 0.4043560606060606, 0.5653409090909091, 0.4346590909090909, 0.5359848484848485, 0.45549242424242425]}