{"train_loss": [1.113139197230339, 1.0973466783761978, 1.1018135994672775, 1.0631880387663841, 1.0498639345169067, 1.0225261002779007, 1.0025304481387138, 0.9822307080030441, 0.9991452768445015, 0.9403257519006729, 0.9763579592108727, 0.873360238969326, 0.8595863357186317, 0.8873938545584679, 0.915971003472805, 0.8176232352852821, 0.8108549490571022, 0.731129540130496, 0.7730788514018059, 0.7133812587708235, 0.7581278458237648, 0.711260873824358, 0.7824898436665535, 0.6914203688502312, 0.6838601157069206, 0.8127656355500221, 0.7323668748140335, 0.6035141916945577, 0.6340161189436913, 0.5541275776922703, 0.6246674209833145, 0.6166945942095481, 0.6474661156535149, 0.5700690252706409, 0.5838666781783104, 0.49015573039650917, 0.5080337300896645, 0.5458974391222, 0.46282491087913513, 0.44552474841475487, 0.40311777335591614, 0.4310418590903282, 0.8999112471938133, 0.5338894482702017, 0.8905238583683968, 0.7941823974251747, 0.6591308303177357, 0.6922821812331676, 0.5710843876004219, 0.5734861753880978, 0.45281023666029796, 0.48726555332541466, 0.5026951096951962, 0.42773108556866646, 0.3850165195763111, 0.3347228620550595, 0.431358240544796, 0.4082851316779852, 0.32488291896879673, 0.518265014514327, 0.421738613396883, 0.34485055785626173, 0.33467249234672636, 0.4251254163682461, 0.431570241227746, 0.40417294204235077, 0.6544121243059635, 0.4836684539914131, 0.45854179095476866, 0.33616087958216667], "train_acc": [0.29296875, 0.28125, 0.27734375, 0.5078125, 0.453125, 0.4765625, 0.56640625, 0.47265625, 0.51171875, 0.61328125, 0.46875, 0.65234375, 0.56640625, 0.46875, 0.5390625, 0.68359375, 0.6953125, 0.6875, 0.6796875, 0.6796875, 0.703125, 0.703125, 0.59375, 0.72265625, 0.73828125, 0.625, 0.73828125, 0.734375, 0.76953125, 0.78125, 0.7578125, 0.765625, 0.76953125, 0.76171875, 0.74609375, 0.7890625, 0.80859375, 0.7890625, 0.80859375, 0.80859375, 0.828125, 0.84375, 0.6875, 0.76953125, 0.59765625, 0.671875, 0.75390625, 0.66796875, 0.69140625, 0.66015625, 0.80078125, 0.703125, 0.828125, 0.83203125, 0.85546875, 0.875, 0.75390625, 0.8359375, 0.88671875, 0.76953125, 0.83203125, 0.859375, 0.875, 0.77734375, 0.83203125, 0.86328125, 0.71875, 0.80859375, 0.8046875, 0.87890625], "test_loss": [1.1084246635437012, 1.079604188601176, 1.0899429321289062, 1.0988500912984211, 1.1587878068288167, 1.0912176966667175, 1.1151249210039775, 1.0734402537345886, 0.958158552646637, 1.0746994614601135, 1.0483829180399578, 0.9484267830848694, 0.9161714911460876, 0.9577097694079081, 1.0418798526128132, 0.9773501952489217, 0.9707972606023153, 1.0527726809183757, 1.0339371760686238, 1.0393340587615967, 1.0720298687616985, 1.0633899370829265, 1.078635036945343, 1.1075915495554607, 1.1590605179468791, 1.13335120677948, 1.0837085843086243, 1.119214614232381, 1.0680110851923625, 1.261054277420044, 1.2190881570180256, 1.2044756015141804, 1.1242062052090962, 1.2256921132405598, 1.1672816276550293, 1.1412208477656047, 1.3247800866762798, 1.2594874898592632, 1.3779921531677246, 1.319257338841756, 1.3555030425389607, 1.4907281001408894, 1.521746079126994, 1.4075181881586711, 1.472967227300008, 1.4485164086023967, 1.4344029029210408, 1.368712306022644, 1.2909575700759888, 1.22433340549469, 1.3628073732058208, 1.310261070728302, 1.4271318515141804, 1.389909267425537, 1.3947625557581584, 1.3238635857899983, 1.4496950308481853, 1.4780426422754924, 1.350193460782369, 1.4874016841252644, 1.467267632484436, 1.6608919699986775, 1.5765976111094158, 1.5776995420455933, 1.6667007803916931, 1.5281288623809814, 1.606280008951823, 1.6381633679072063, 1.590990463892619, 1.447393496831258], "test_acc": [0.2604166666666667, 0.5416666666666666, 0.3210227272727273, 0.23958333333333334, 0.2708333333333333, 0.33238636363636365, 0.22916666666666666, 0.3210227272727273, 0.524621212121212, 0.38257575757575757, 0.35132575757575757, 0.5028409090909091, 0.5530303030303031, 0.45359848484848486, 0.38257575757575757, 0.4431818181818182, 0.46401515151515155, 0.4232954545454546, 0.4431818181818182, 0.4128787878787879, 0.4441287878787879, 0.5047348484848485, 0.46496212121212127, 0.49526515151515155, 0.4753787878787879, 0.4545454545454546, 0.4753787878787879, 0.425189393939394, 0.4753787878787879, 0.4034090909090909, 0.4753787878787879, 0.44507575757575757, 0.5047348484848485, 0.4441287878787879, 0.4857954545454546, 0.5160984848484849, 0.4659090909090909, 0.4545454545454546, 0.4753787878787879, 0.46496212121212127, 0.45549242424242425, 0.4659090909090909, 0.41382575757575757, 0.4119318181818182, 0.4043560606060606, 0.36174242424242425, 0.4128787878787879, 0.46496212121212127, 0.5350378787878788, 0.49621212121212127, 0.4346590909090909, 0.5255681818181818, 0.4857954545454546, 0.47632575757575757, 0.45549242424242425, 0.48484848484848486, 0.4659090909090909, 0.47632575757575757, 0.49526515151515155, 0.42424242424242425, 0.4346590909090909, 0.5643939393939394, 0.39299242424242425, 0.45359848484848486, 0.5748106060606061, 0.43371212121212127, 0.4829545454545454, 0.524621212121212, 0.5056818181818182, 0.47348484848484845]}