{"train_loss": [1.1080720871686935, 1.1021079272031784, 1.08716881275177, 1.0787824094295502, 1.0613021701574326, 0.9989825636148453, 0.8644759356975555, 1.075232207775116, 0.8305308055132627, 0.7989754490554333, 0.9486787393689156, 0.850233219563961, 0.8130156248807907, 0.9099899679422379, 0.70639967918396, 0.7832290232181549, 0.7644527778029442, 0.6950531143229455, 0.7033469267189503, 0.7287096604704857, 0.8243308365345001, 0.7582443058490753, 0.7256750911474228, 0.636131334817037, 0.6918911449611187, 0.6358597874641418, 0.6786525622010231, 0.6669738180935383, 0.6089410940185189, 0.6757178977131844, 0.6692053228616714, 0.844115786254406, 0.7816513106226921, 0.718832106795162, 0.7096882164478302, 0.7585266083478928, 0.639198437333107, 0.6247274875640869, 0.5701149571686983, 0.5879821665585041, 0.5159700410440564, 0.5890094824135303, 0.791760727763176, 0.8557507209479809, 0.6070076338946819], "train_acc": [0.19140625, 0.3359375, 0.34765625, 0.375, 0.46484375, 0.5078125, 0.6484375, 0.5078125, 0.6015625, 0.65625, 0.546875, 0.6328125, 0.640625, 0.50390625, 0.6953125, 0.6953125, 0.6953125, 0.71875, 0.69921875, 0.7109375, 0.625, 0.71484375, 0.73046875, 0.7578125, 0.72265625, 0.73828125, 0.734375, 0.73046875, 0.7578125, 0.77734375, 0.77734375, 0.6171875, 0.625, 0.66796875, 0.71875, 0.68359375, 0.7421875, 0.76953125, 0.77734375, 0.8046875, 0.796875, 0.80859375, 0.625, 0.57421875, 0.76953125], "test_loss": [1.0930521885553997, 1.1022899150848389, 1.1303105751673381, 1.1207098563512166, 1.0885509649912517, 0.9776079456011454, 1.0991214513778687, 0.9857298533121744, 1.0407859484354656, 0.9900527000427246, 0.9946159323056539, 1.0561925371487935, 1.006860335667928, 0.990117092927297, 0.9806527296702067, 1.0437777638435364, 1.0271676977475483, 1.056470811367035, 1.0493332544962566, 1.0024539232254028, 1.0034982363382976, 1.0394115845362346, 1.09145583709081, 1.043480376402537, 1.0850563446680705, 1.0294551849365234, 1.1848275661468506, 1.072581132253011, 1.1209211349487305, 1.0215168197949727, 1.1978773673375447, 1.2798266013463337, 1.088382065296173, 1.370486577351888, 1.0683444539705913, 1.0396365920702617, 1.078655481338501, 1.1763164003690083, 1.1768869161605835, 1.130944808324178, 1.2866944471995037, 1.161637266476949, 1.3055921792984009, 1.3351340691248577, 1.0688049991925557], "test_acc": [0.5416666666666666, 0.2604166666666667, 0.25, 0.3020833333333333, 0.3229166666666667, 0.6145833333333334, 0.35132575757575757, 0.39109848484848486, 0.4441287878787879, 0.45359848484848486, 0.43276515151515155, 0.3428030303030303, 0.4744318181818182, 0.4744318181818182, 0.45359848484848486, 0.45359848484848486, 0.43371212121212127, 0.4744318181818182, 0.4545454545454546, 0.4744318181818182, 0.45359848484848486, 0.45359848484848486, 0.47348484848484845, 0.4943181818181818, 0.43371212121212127, 0.48390151515151514, 0.3835227272727273, 0.48484848484848486, 0.4232954545454546, 0.5653409090909091, 0.3835227272727273, 0.4043560606060606, 0.4318181818181818, 0.3740530303030303, 0.5151515151515151, 0.6051136363636364, 0.41382575757575757, 0.3522727272727273, 0.39299242424242425, 0.4034090909090909, 0.38257575757575757, 0.4431818181818182, 0.4043560606060606, 0.35321969696969696, 0.5037878787878788]}